{"cameraMode":{"drawMode":0,"name":"Shaded","section":"Shading Mode"},"sceneLighting":true,"audioPlay":false,"sceneViewState":{"showFog":true,"showMaterialUpdate":false,"showSkybox":true,"showFlares":true,"showImageEffects":true,"showParticleSystems":true},"in2DMode":false,"pivot":{"x":12.550000190734864,"y":0.0,"z":6.510000228881836},"rotation":{"x":-0.2003811001777649,"y":-0.6685287952423096,"z":0.19433604180812837,"w":-0.6893114447593689},"size":3.6149685382843019,"orthographic":true}