{"cameraMode":{"drawMode":0,"name":"Shaded","section":"Shading Mode"},"sceneLighting":true,"audioPlay":false,"sceneViewState":{"showFog":true,"showMaterialUpdate":false,"showSkybox":true,"showFlares":true,"showImageEffects":true,"showParticleSystems":true},"in2DMode":false,"pivot":{"x":13.156243324279786,"y":0.18001413345336915,"z":7.418893337249756},"rotation":{"x":-0.009424601681530476,"y":-0.3055197596549988,"z":0.003024076344445348,"w":-0.9521343111991882},"size":0.5872575640678406,"orthographic":true}