{"cameraMode":{"drawMode":0,"name":"Shaded","section":"Shading Mode"},"sceneLighting":true,"audioPlay":false,"sceneViewState":{"showFog":true,"showMaterialUpdate":false,"showSkybox":true,"showFlares":true,"showImageEffects":true,"showParticleSystems":true},"in2DMode":false,"pivot":{"x":10.85302734375,"y":0.320068359375,"z":9.529052734375},"rotation":{"x":0.13489168882369996,"y":0.4694174826145172,"z":-0.07281811535358429,"w":0.8695682883262634},"size":9.47410774230957,"orthographic":true}